PSL No.,PART NUMBER,DESCRIPTION,REQUIRED QUANTITY/SN
7100000035,,No parts needed for this program,0
7100000040,92A4608500,"Switch, Vacuum 45KPA",1
7100000040,92A4608600,"Switch, Vacuum 70KPA",1
7100000040,92B0402900,"Buzzer Assy, 12V",1
7100000040,92B0403100,"Bracket, Vacuum Buzzer",1
7100000040,F160004016,"Screw, Machine",2
7100000040,F250004000,"Washer, Plain",2
7100000040,F251504000,"Washer, Spring",2
7100000041,92B0402900,"Buzzer Assy, 12V",1
7100000041,92B0403100,"Bracket, Vacuum Buzzer",1
7100000041,F160004016,"Screw, Machine",2
7100000041,F250004000,"Washer, Plain",2
7100000041,F251504000,"Washer, Spring",2
LS44043,1550385,CLAMP RING,1
LS44043,1553537,BEARING,1
LS44043,8T4195,BOLT,6
PI11211,0T0573,BOLT-HEX HEAD,4
PI11211,1089656,STRAP-CABLE,4
PI11211,1257876,TUBE-BULK (10 CM),10
PI11211,1261767,PIN-CONNECTOR,8
PI11211,1261768,SOCKET-CONNECTOR,14
PI11211,1546457,WIRE-BULK (70 CM),70
PI11211,1552269,PLUG AS-CONN,2
PI11211,1729200,SUPRESSOR-ARC,1
PI11211,1984766,WASHER-HARD,4
PI11211,2830056,ADAPTER-CONN,4
PI11211,2975484,PLUG AS-CONN,2
PI11211,2L8075,TERMINAL,10
PI11211,3466809,TUBE-HEAT SHIELD,1
PI11211,4539924,RELAY AS,1
PI11211,5186001,TARGET,1
PI11211,5186002,TARGET,1
PI11211,5186008,BRACKET,1
PI11211,5186009,BRACKET,1
PI11211,5260318,SENSOR GP-POSN,2
PI11211,5F0304,PLUG-DRAIN,2
PI11211,5P5623,WIRE BK-ELEC (10 M),10
PI11211,6V2722,TUBE BK-ELEC (1 M),1
PI11211,6V9186,SETSCREW,4
PI11211,9X2506,TUBE-BULK (10 CM),10
PI11211,9X6772,STRAP-CABLE,4
PI11215,1D4626,BOLT,2
PI11215,1J2814,BOLT,1
PI11215,3S1349,WASHER-HARD,1
PI11215,7X0382,BOLT,7
PI11215,8C6913,WASHER-HAR,9
PI11223,0993649,BOLT-HEX HEAD,4
PI11223,3006714,MOUNT,8
PI11223,3E4353,WASHER-HARD,4
PI11223,4932832,BRACKET AS,1
PI11223,5831697,PLATE,1
PI11223,5P4116,WASHER-HARD,4
PI11223,5P7970,NUT-HEX,4
PI11223,8T4137,BOLT-HEX HEAD,4
PI11223,9N0869,WASHER-HARD,4
PI11225,0993649,BOLT-HEX HEAD,4
PI11225,3006714,MOUNT,8
PI11225,3E4353,WASHER-HARD,4
PI11225,4932832,BRACKET AS,1
PI11225,5831697,PLATE,1
PI11225,5P4116,WASHER-HARD,4
PI11225,5P7970,NUT-HEX,4
PI11225,8T4137,BOLT-HEX HEAD,4
PI11225,9N0869,WASHER-HARD,4
PI11230,1400860,STRAP AS-GROUND,1
PI11230,5B5492,WASHER,1
PI11230,5P4115,WASHER-HARD,1
PI11238,1123927,BOLT,7
PI11238,1984781,WASHER-HARD,14
PI11238,8T4131,NUT-HEX,7
PI11242,2M5795,PIN-CLEVIS,1
PI11242,3B4607,COTTER,1
PI11242,4401318,LADDER AS (After Failure Only),1
PI11242,5870327,PLATE,2
PI11242,8P0612,BRACKET,1
PI11242,9M3835,LATCH-RUBBER,1
PI33009,,5202974 SFWR GP-A4000,1
PI33009,,5202987 SFWR GP-A4000,1
PI33009,,5790215 SFWR GP-A4000,1
PI33009,,5790224 SFWR GP-A5000,1
PI33009,,5790229 SFWR GP-A4000,1
PI33031,2944550,BOSS,2
PI33031,5784298,MERCHANDISING AR (11m MAST) (SEE ACTION REQUIRED),1
PI33031,7T1099,LINK,16
PI33031,8Y3795,BOSS,4
PI33031,9R3761,BOSS,8
PI33032,5625762,VALVE GP-BANK 6,1
PI33036,No parts needed for this program,,0
PI33037,,No parts needed for this program,0
PI33041,5394754,KIT MA LINK,2
PI33048,,PLATE (DEALER FABRICATION),1
PI33056,1P3704,SEAL-RECTANGULAR,2
PI33056,2147568,SEAL-O-RING-STOR,2
PI33056,3096932,OIL,2
PI33056,3D2824,SEAL-O-RING-STOR,2
PI33056,5785789,PUMP GP-PS-BSC-V,1
PI33056,5K9090,SEAL-O-RING-ORFS,1
PI33056,6V9746,SEAL-O-RING-ORFS,9
PI33056,7M8485,SEAL-O-RING-STOR,4
PI33056,8T5049,SEAL-O RING,1
PI33057,2888997,BAR ASSEMBLY,1
PI33062,,PLATE (DEALER FABRICATION),1
PI33066,,5871600 SFWR GP-A3000 Servo Controller,1
PI33066,,5871602 SFWR GP-A4043 BCS XM2,1
PI33066,,5871606 SFWR GP-A5000 Drive Controller,1
PI33066,,5875749 SFWR GP-A4043 BCS XM1,1
PI33067,,RING DEALER FABRICATED RING,1
PI33067,5830784,PLATE (Or Fabricated Ring),1
PI33071,,5835170 SFWR GP-A5007 (C Series Only),1
PI33071,,5835179 SFWR GP-A3001 (C Series Only),1
PI33071,,5835180 SFWR GP-A5022,1
PI33071,,5835181 SFWR GP-A3001,1
PI33071,,5835182 SFWR GP-A4030,1
PI33075,2480363,STRAINER,1
PI33079,,No parts needed for this program,0
PI33080,,PLATE (Dealer Fabrication),1
PI33081,,No parts needed for this program,0
PI33084,3S2093,STRAP-CABLE,3
PI33084,7K1181,STRAP-CABLE,1
PI33089,1P3704,SEAL-RECTANGULAR (IF REQUIRED),4
PI33089,2662283,BRUSH-NYLON (IF REQUIRED),1
PI33089,6V7093,BRUSH AS (IF REQUIRED),1
PI33095,,No parts needed for this program,0
PI33097,,No parts needed for this program,0
PI33102,1334296,SEAL-LIP TYPE,2
PI33102,2453078,NUT-STAKE (After Failure Only),2
PI33102,2J8163,SEAL-O RING,2
PI33102,2S4078,SEAL-O-RING (After Failure Only),4
PI33102,3J1907,SEAL-O-RING-STOR (After Failure Only),4
PI33102,7M8485,SEAL-O-RING-STOR (After Failure Only),2
PI33102,8D4771,SEAL-O-RING (After Failure Only),4
PI33102,8F6230,SEAL-O RING,2
PI33102,9H6832,SEAL-O RING (After Failure Only),4
PI33102,9X6480,BOLT-12 POINT HD,20
PI33105,1257874,TUBE-BULK,3
PI33105,8T8737,PLUG-SEAL,1
PI33106,1052653,RING (IF REQUIRED),2
PI33106,1140758,BEARING-SLEEVE (IF REQUIRED),2
PI33106,1391537,ELEMENT-HYD (IF REQUIRED),2
PI33106,1583032,RING-BACKUP (IF REQUIRED),2
PI33106,1627210,RING-BACKUP (IF REQUIRED),2
PI33106,1659287,SEAL-LIP TYPE (IF REQUIRED),2
PI33106,1757904,SEAL-O-RING (IF REQUIRED),3
PI33106,1865397,RING-WEAR (IF REQUIRED),2
PI33106,1879630,SEAL-O-RING (IF REQUIRED),12
PI33106,1921435,SEAL AS (IF REQUIRED),2
PI33106,1H1023,SEAL-O RING (IF REQUIRED),28
PI33106,1J9671,SEAL-O-RING (IF REQUIRED),1
PI33106,1P3702,SEAL-RECTANGULAR (IF REQUIRED),1
PI33106,1P3703,SEAL-RECTANGULAR (IF REQUIRED),2
PI33106,1P3704,SEAL-RECTANGULAR (IF REQUIRED),4
PI33106,1U3174,SEAL-O-RING (IF REQUIRED),2
PI33106,2147568,SEAL-O-RING-STOR (IF REQUIRED),4
PI33106,2385085,SEAL-O-RING (IF REQUIRED),2
PI33106,2459740,GASKET (IF REQUIRED),1
PI33106,2608590,VALVE GP-SHUTTLE (IF REQUIRED),5
PI33106,2662283,BRUSH-NYLON (IF REQUIRED),1
PI33106,2894027,PUMP GP-PS-BSC-V (IF REQUIRED),1
PI33106,2J0564,LOCKNUT (IF REQUIRED),2
PI33106,2J7686,LOCKNUT (IF REQUIRED),2
PI33106,2M9780,SEAL-O-RING-STOR (IF REQUIRED),4
PI33106,2S4078,SEAL-O-RING (IF REQUIRED),1
PI33106,2Y2347,SEAL-O-RING (IF REQUIRED),2
PI33106,304606,SEAL-O-RING (IF REQUIRED),1
PI33106,3105742,KIT-SEAL (IF REQUIRED),1
PI33106,3119319,SEAL AS-BUFFER (IF REQUIRED),4
PI33106,3119321,SEAL-WIPER (IF REQUIRED),4
PI33106,3613549,SEAL-O-RING (IF REQUIRED),13
PI33106,3664972,RING-BACKUP (IF REQUIRED),6
PI33106,3736407,CORE AS-OCLR (IF REQUIRED),1
PI33106,3736629,PUMP GP-PS (IF REQUIRED),1
PI33106,3736630,PUMP GP-PS (IF REQUIRED),1
PI33106,3736632,MOTOR GP-PSF-63 (IF REQUIRED),1
PI33106,3776017,SEAL-U-CUP (IF REQUIRED),2
PI33106,3776020,SEAL-BUFFER (IF REQUIRED),2
PI33106,3910230,SEAL-U-CUP (IF REQUIRED),4
PI33106,3D2824,SEAL-O-RING-STOR (IF REQUIRED),14
PI33106,3G3747,RING-BACKUP (IF REQUIRED),2
PI33106,3J1907,SEAL-O-RING-STOR (IF REQUIRED),22
PI33106,3J7354,SEAL-O-RING-STOR (IF REQUIRED),8
PI33106,3K0360,SEAL-O-RING (IF REQUIRED),14
PI33106,3K0715,SEAL-O RING (IF REQUIRED),1
PI33106,4656506,FILTER-HYDRAULIC (IF REQUIRED),2
PI33106,4958209,SEAL AS (IF REQUIRED),2
PI33106,4959595,PUMP GP-PS (IF REQUIRED),1
PI33106,4J0520,SEAL-O-RING (IF REQUIRED),44
PI33106,4J0522,SEAL-O-RING (IF REQUIRED),3
PI33106,4J0524,SEAL-O-RING (IF REQUIRED),2
PI33106,4J4606,RING-WEAR (IF REQUIRED),2
PI33106,4J5267,SEAL-O-RING (IF REQUIRED),8
PI33106,4J5351,SEAL-O-RING (IF REQUIRED),8
PI33106,4J6888,LOCKNUT (IF REQUIRED),2
PI33106,4J7376,RING-WEAR (IF REQUIRED),2
PI33106,4J8734,LOCKNUT (IF REQUIRED),2
PI33106,4K1388,SEAL-O-RING-STOR (IF REQUIRED),12
PI33106,4K2039,SEAL-O RING (IF REQUIRED),12
PI33106,4M0189,SEAL-O RING (IF REQUIRED),1
PI33106,4T5072,RING-BACKUP (IF REQUIRED),8
PI33106,4T5073,RING-BACKUP (IF REQUIRED),13
PI33106,5H4019,COVER (IF REQUIRED),6
PI33106,5H6733,SEAL-O-RING (IF REQUIRED),1
PI33106,5K9090,SEAL-O-RING-ORFS (IF REQUIRED),7
PI33106,5M0544,BOLT (IF REQUIRED),12
PI33106,5M2057,SEAL-O-RING (IF REQUIRED),4
PI33106,6J2680,SEAL-O-RING (IF REQUIRED),2
PI33106,6M5062,SEAL-O RING (IF REQUIRED),12
PI33106,6V5556,SEAL-O RING (IF REQUIRED),4
PI33106,6V7093,BRUSH AS (IF REQUIRED),1
PI33106,6V7744,LOCKNUT (IF REQUIRED),4
PI33106,6V8397,SEAL-O-RING-ORFS (IF REQUIRED),14
PI33106,6V8398,SEAL-O-RING-ORFS (IF REQUIRED),7
PI33106,6V8400,SEAL-O-RING-ORFS (IF REQUIRED),1
PI33106,6V9746,SEAL-O-RING-ORFS (IF REQUIRED),17
PI33106,7J2087,RING-WEAR (IF REQUIRED),2
PI33106,7J9108,SEAL-O-RING-ORFS (IF REQUIRED),3
PI33106,7M8485,SEAL-O-RING-STOR (IF REQUIRED),12
PI33106,7X2577,BOLT-HEX HEAD (IF REQUIRED),18
PI33106,875436,RING-BACK UP (IF REQUIRED),2
PI33106,8J1665,SEAL-O-RING (IF REQUIRED),2
PI33106,8J4386,SEAL-O RING (IF REQUIRED),2
PI33106,8T0667,BOLT (IF REQUIRED),20
PI33106,8T1793,SEAL AS (IF REQUIRED),2
PI33106,8T6747,RING-WEAR (IF REQUIRED),2
PI33106,8T7538,RING-WEAR (HEAD) (IF REQUIRED),2
PI33106,8T8376,SEAL-HEAD (IF REQUIRED),2
PI33106,8T8380,SEAL-HEAD (IF REQUIRED),2
PI33106,8T8382,SEAL-HEAD (IF REQUIRED),2
PI33106,8U2685,SEAL-O-RING (IF REQUIRED),1
PI33106,931571,RING-RETAINING (IF REQUIRED),2
PI33106,951632,SEAL-O-RING (IF REQUIRED),2
PI33106,961588,RING-BACK UP (IF REQUIRED),2
PI33106,9X2125,BOLT-HEX HEAD (IF REQUIRED),4
PI33106,9X3610,SEAL AS (IF REQUIRED),2
PI33106,1346954,TEE-ORP TO ORFS (IF EQUIPPED AND REQUIRED),1
PI33106,1346954,TEE-ORP TO ORFS (IF REQUIRED AND EQUIPPED),1
PI33106,1672212,SEAL AS-BUFFER (IF REQUIRED),2
PI33106,1672212,SEAL-BUFFER 90 (IF REQUIRED),2
PI33106,1672325,SEAL-ROD 90 (IF REQUIRED),2
PI33106,1672325,SEAL-U-CUP (IF REQUIRED),2
PI33106,2829598,SEAL-WIPER (IF REQUIRED),2
PI33106,2829598,SEAL-WIPER 90 (IF REQUIRED),2
PI33106,3798927,ACTUATOR GP-BSC (IF EQUIPPED AND REQUIRED),1
PI33106,3798927,ACTUATOR GP-BSC (IF REQUIRED AND EQUIPPED),1
PI33106,5778941,PUMP GP-ELEC DR (IF EQUIPPED AND REQUIRED),1
PI33106,5778941,PUMP GP-ELEC DR (IF REQUIRED AND EQUIPPED),1
PI33106,5800231,HOSE AS (IF EQUIPPED AND REQUIRED),1
PI33106,5800231,HOSE AS (IF REQUIRED AND EQUIPPED),1
PI33106,5800233,HOSE AS (IF EQUIPPED AND REQUIRED),1
PI33106,5800233,HOSE AS (IF REQUIRED AND EQUIPPED),1
PI33106,8T4121,WASHER-HARD (IF EQUIPPED AND REQUIRED),2
PI33106,8T4121,WASHER-HARD (IF REQUIRED AND EQUIPPED),2
PI33106,8T4136,BOLT-HEX HEAD (IF EQUIPPED AND REQUIRED),2
PI33106,8T4136,BOLT-HEX HEAD (IF REQUIRED AND EQUIPPED),2
PI33106,8T6876,ADAPTER-ELBOW (IF EQUIPPED AND REQUIRED),1
PI33106,8T6876,ADAPTER-ELBOW (IF REQUIRED AND EQUIPPED),1
PI33112,,5926424 POWER TRAIN SOFTWARE GP,1
PI33112,,5926427 POWER TRAIN SOFTWARE GP,1
PI33112,,SW_ENGINE ENGINE SOFTWARE GP (CHECK SIS),1
PI33112,,SW_TELEMATICS TELEMATICS SOFTWARE GP (IF APPLICABLE- CHECK SIS),1
PI33117,5810996,HARNESS KIT,1
PI33118,8X7948,SHAFT-AXLE (After Failure or Affected Serial No),1
PI33118,9X7550,SEAL-O RIN,1
PI33121,1P3704,SEAL-RECTANGULAR,8
PI33121,5768945,HOSE AS,2
PI33121,5768946,HOSE AS,2
PI33121,5P7468,CLIP-HALF SLOT,12
PI33121,5P7469,CLIP-HALF TANG,12
PI33121,5P8444,GROMMET,12
PI33121,7G5984,CLIP,1
PI33121,7G5985,CLIP,1
PI33121,7G5986,GROMMET,1
PI33127,,PLATE (DEALER FABRICATION),4
PI33137,3445675,NUT-HEX,3
PI33137,5589957,TUBE AS,1
PI33137,8T4121,WASHER-HARD,6
PI33137,8T4182,BOLT-HEX HEAD,3
PI33138,,BRACKET(DEALER FABRICATION),1
PI33138,1070496,ADAPTER-TEE,1
PI33138,1087005,ADAPTER-TEE,1
PI33138,1420038,ADAPTER-ELBOW,1
PI33138,1750447,VALVE AS.-CHECK,1
PI33138,1783620,STRAP-CABLE DUAL,2
PI33138,2006345,MOUNT-SWIVEL,4
PI33138,2042281,STRAP-CABLE,8
PI33138,2S4078,SEAL-O-RING,1
PI33138,3603698,PLUG-HD STOR,1
PI33138,3717210,ADAPTER-STR,1
PI33138,3766640,FILTER GP-O(BSC),3
PI33138,3D2824,SEAL-O-RING-STOR,1
PI33138,5131903,PLATE AS,1
PI33138,5923198,HOSE AS,1
PI33138,5923199,HOSE AS,1
PI33138,5923910,HOSE AS,1
PI33138,5923983,HOSE AS,1
PI33138,5923985,HOSE AS,1
PI33138,5K9090,SEAL-O-RING-ORFS,11
PI33138,6D4244,CLIP-LOOP,2
PI33138,6V8635,ADAPTER-STR,1
PI33138,6V8785,ADAPTER-TEE,1
PI33138,6V9008,ADAPTER-ELBOW,1
PI33138,6V9182,ADAPTER-ELBOW,6
PI33138,6V9746,SEAL-O-RING-ORFS,4
PI33138,6V9854,ADAPTER-ELBOW,2
PI33138,7J9108,SEAL-O-RING-ORFS,1
PI33138,7M8485,SEAL-O-RING-STOR,7
PI33138,7X7729,WASHER-HARD,4
PI33138,8C6798,ADAPTER-TEE,1
PI33138,8C7563,ADAPTER-ELBOW,1
PI33138,8T4121,WASHER-HARD,8
PI33138,8T4136,BOLT-HEX HEAD,12
PI33138,8T4139,BOLT-HEX HEAD,8
PI33138,8T4223,WASHER-HARD,8
PI33138,8X5963,BLOCK,2
PI33138,9X2538,ADAPTER-ELBOW,1
PI33147,1420038,ADAPTER-ELBOW,2
PI33147,1S3311,RING-RETAINING,2
PI33147,2287093,SEAL-O-RING-ORFS,8
PI33147,2385084,SEAL-O-RING-STOR,2
PI33147,3313527,BEARING-SLEEVE,1
PI33147,5901129,HOSE AS,2
PI33147,5908816,BAR AS-EQUALIZER,1
PI33147,7J1309,BEARING-ALIGNING,2
PI33147,8T4121,WASHER-HARD,2
PI33147,8T4196,BOLT-HEX HEAD,2
PI33160,1155411,ADAPTER-ELBOW,1
PI33160,1222340,ADAPTER-STR,1
PI33160,3J1907,SEAL-O-RING-STOR,1
PI33160,5018904,HOSE AS,1
PI33160,6V6609,SEAL-O-RING,1
PI33160,6V8397,SEAL-O-RING-ORFS,1
PI33164,,No parts needed for this program,0
PI33174,2S2140,NUT-TRACK,8
PI33174,6I9239,LINK-TRACK (RH),2
PI33174,6I9240,LINK-TRACK (LH),2
PI33174,7H3599,BOLT-TRACK,8
PI33174,8M6238,SPACER,8
PI33174,8M6239,WASHER,16
PI33174,1154924,BUSHING-TRACK,4
PI33174,5162015,PIN-TRACK,4
PS44340,3535995,KIT-SEAL (SCL),12
PS44340,4421702,KIT-GASKET (SCH),12
PS45355,3G1229,SHIM (as required),1
PS45355,3G1230,SHIM (as required),1
PS45355,3G1231,SHIM (as required),1
PS45355,5058896,BRACKET,1
PS45475,2539950,SEAL-O-RING,32
PS45475,4226176,SEAL-O-RING,16
PS45475,4935366,DOWEL AS,16
PS45482,3908885,COUPLING-PUMP (After Failure Only),1
PS45482,5200323,PIN-DOWEL,2
PS45482,6V8200,BOLT-SOCKET HEAD (After Failure Only),3
PS45654,3567064,CRANKSHAFT AS,1
PS45835,,Loctite 5923 Aviation Sealant (as required),1
PS45835,,OIL_BULK 45 L DEO (as required),1
PS45835,,VCI_OIL VCI listed in SEHS9031 (as required),1
PS45835,1090073,SEAL-O-RING,1
PS45835,1241854,BOLT-12 POINT HD,10
PS45835,1241855,BOLT-12 PT HEAD,16
PS45835,1299452,GASKET-EXH MANF,6
PS45835,1422329,SEAL-DRAINBACK,1
PS45835,1515925,BOLT-OIL JET (as required),6
PS45835,1550809,SEAL-LINER,6
PS45835,1552793,SEAL-LINER,12
PS45835,1674407,SEAL-O-RING,2
PS45835,1R1808,FILTER-LUBE (AFTER FAILURE ONLY),2
PS45835,1S9540,DOWEL (as required),1
PS45835,2133217,BOLT,24
PS45835,2239159,RING-PISTON,6
PS45835,2271204,GASKET,1
PS45835,2303728,SEAL-FUEL SYSTEM,6
PS45835,2303775,SEAL-FUEL SYSTEM,6
PS45835,2382707,RING-PISTON,6
PS45835,2465659,RING-PISTON-OIL,6
PS45835,2613450,BEARING-ROD (as required),6
PS45835,2748359,TUBE AS.-OIL JET (as required),6
PS45835,3535065,GASKET-OIL PAN,2
PS45835,3590908,GASKET-CYL HEAD,1
PS45835,3E6772,SEAL-WATER,24
PS45835,3S9643,SEAL-LIP TYPE,2
PS45835,4N0699,GASKET,1
PS45835,4N1650,DOWEL (as required),1
PS45835,5560701,LINER-CYLINDER,6
PS45835,5H1504,WASHER-HARD,26
PS45835,5M6509,SEAL-O RING,3
PS45835,5P0840,SEAL-O-RING,2
PS45835,5P5846,SEAL-O-RING,1
PS45835,5P8068,SEAL-O-RING,1
PS45835,6I1055,DOWEL (as required),1
PS45835,6V4367,SEAL-O RING,1
PS45835,8S9191,BOLT,6
PS45835,9L5854,BAND-FILLER,6
PS45835,9X7317,SEAL-FUEL SYSTEM,6
PS45836,5492754,SFWR GP-A3000,1
PS45837,5492756,SFWR GP-A3000,1
PS45843,,SEALANT LOCTITE 5923,1
PS45843,1075769,SEAL-O-RING (as required),2
PS45843,1090076,SEAL-O-RING (as required),4
PS45843,1090078,SEAL-O-RING (as required),2
PS45843,1178801,SEAL-O-RING (as required),4
PS45843,1185068,SEAL-O-RING (as required),1
PS45843,1299452,GASKET-EXH MANF,12
PS45843,1501156,BOLT - OIL JET,12
PS45843,1550809,SEAL-LINER,12
PS45843,1550810,SEAL-LINER,12
PS45843,1552793,SEAL-LINER,12
PS45843,1674407,SEAL-O-RING (as required),14
PS45843,1986068,SEAL-INTEGRAL,2
PS45843,1J9671,SEAL-O-RING (as required),1
PS45843,1R1808,FILTER-LUBE (as required),2
PS45843,2054831,SEAL-O-RING (as required),2
PS45843,2133217,BOLT,48
PS45843,2147566,SEAL-O-RING-STOR (as required),2
PS45843,2147568,SEAL-O-RING-STOR (as required),4
PS45843,2226456,SEAL,2
PS45843,2247506,SEAL-ISOLATION,6
PS45843,2253099,GASKET-CYL HEAD,2
PS45843,2265613,GASKET,2
PS45843,2287091,SEAL-O-RING-ORFS (as required),2
PS45843,2295332,GASKET,2
PS45843,2303728,SEAL-FUEL SYSTEM,12
PS45843,2303775,SEAL-FUEL SYSTEM,12
PS45843,2314708,SEAL-O-RING (as required),2
PS45843,2323226,BEARING-ROD,12
PS45843,2348937,SEAL-INTEGRAL,2
PS45843,2385080,SEAL-O-RING-STOR (as required),3
PS45843,2385081,SEAL-O-RING-STOR (as required),4
PS45843,2391139,SEAL (as required),2
PS45843,2395571,SEAL-INTEGRAL,1
PS45843,2395572,SEAL-INTEGRAL,2
PS45843,2465659,RING-PISTON-OIL,12
PS45843,2918144,SEAL-O-RING-STOR (as required),1
PS45843,2N2766,LOCKNUT,8
PS45843,3445153,RING-PISTON,12
PS45843,3492568,RING-PISTON-TOP,12
PS45843,3548484,GASKET-PLATE,2
PS45843,3556043,TUBE AS-OIL JET,12
PS45843,3571752,GASKET-TURBO (T),2
PS45843,3591439,SEAL AS-WATER,48
PS45843,3620801,SEAL-INTEGRAL,6
PS45843,3638595,SEAL-INTEGRAL,2
PS45843,3654457,SEAL-PIP,1
PS45843,3J1907,SEAL-O-RING-STOR (as required),2
PS45843,3J7354,SEAL-O-RING-STOR (as required),2
PS45843,3P0650,SEAL-O RING (as required),4
PS45843,4F7389,SEAL-O-RING (as required),2
PS45843,5560701,LINER-CYLINDER,12
PS45843,5E8771,SEAL-O-RING,4
PS45843,5F3999,SEAL-O-RING (as required),1
PS45843,5P2569,SEAL-O-RING (as required),6
PS45843,5P4268,SEAL-O-RING (as required),1
PS45843,5P8068,SEAL-O-RING (as required),6
PS45843,5P8356,SEAL-O-RING (as required),4
PS45843,6D7146,SEAL-O-RING (as required),2
PS45843,6L7817,SEAL-O-RING (as required),4
PS45843,6N1396,GASKET-OIL PAN,1
PS45843,6V3250,SEAL-O-RING (as required),1
PS45843,6V3830,SEAL-O-RING (as required),1
PS45843,6V5048,SEAL-O-RING,1
PS45843,6V5553,SEAL-O-RING (as required),2
PS45843,6V6609,SEAL-O-RING (as required),1
PS45843,7C0307,GASKET,2
PS45843,7L6580,SEAL-O-RING (as required),4
PS45843,8C3089,SEAL-O-RING (as required),1
PS45843,8H7521,SEAL-O-RING (as required),1
PS45843,8T1703,SEAL-O RING (as required),2
PS45843,8T1919,SEAL-O-RING (as required),14
PS45843,9L5854,BAND-FILLER,12
PS45843,9M9647,SEAL-O-RING (as required),1
PS45843,9X7317,SEAL-FUEL SYSTEM,12
PS45862,1984766,WASHER-HARD,10
PS45862,3445675,NUT-HEX,6
PS45862,5239614,CANOPY AS,1
PS45862,8T4121,WASHER-HARD,6
PS45862,8T4185,BOLT-HEX HEAD,10
PS45863,4592220,CONTROL GP-ELEK,1
PS45863,5001692,SFWR GP-A4024,1
PS45863,5008050,SFWR GP-A4024,1
PS45863,5008802,SFWR GP-A4023,1
PS45863,5204955,SFWR GP-A4030,1
PS45863,5614305,SFWR GP-A4030,1
PS45864,3517535,VALVE GP-SOL,1
PS45875,2720759,SEAL-PIP (If /As Needed),2
PS45880,1013125,GASKET,1
PS45880,1090077,SEAL-O-RING,2
PS45880,1142687,SEAL-O-RING,1
PS45880,1241854,BOLT-12 POINT HD,10
PS45880,1241855,BOLT-12 PT HEAD,16
PS45880,1250434,SEAL-INTEGRAL,1
PS45880,1262702,SEAL-INTEGRAL,1
PS45880,1264935,SEAL-INTEGRAL,1
PS45880,1422329,SEAL-DRAINBACK,1
PS45880,1674407,SEAL-O-RING,1
PS45880,1714358,SEAL-O-RING,1
PS45880,1948124,SLEEVE AS,6
PS45880,1986068,SEAL-INTEGRAL,1
PS45880,1R1808,FILTER-LUBE,2
PS45880,1S9540,DOWEL,1
PS45880,2133217,BOLT,24
PS45880,2239159,RING-PISTON,6
PS45880,2271204,GASKET,1
PS45880,2382707,RING-PISTON,6
PS45880,2385081,SEAL-O-RING-STOR,1
PS45880,2465659,RING-PISTON-OIL,6
PS45880,2481394,KIT-GASKET-SFI,6
PS45880,2613450,BEARING-ROD,6
PS45880,2818261,SLEEVE AS-EXH,6
PS45880,2918145,SEAL-O-RING-STOR,1
PS45880,3411429,SEAL-PIP,3
PS45880,3483295,KIT-GASKET(SCL),6
PS45880,3499659,GASKET,1
PS45880,3535065,GASKET-OIL PAN,2
PS45880,3590908,GASKET-CYL HEAD,1
PS45880,3E6772,SEAL-WATER,24
PS45880,3S9643,SEAL-LIP TYPE,2
PS45880,4N0699,GASKET,1
PS45880,4N1650,DOWEL,1
PS45880,5560701,LINER-CYLINDER,6
PS45880,5H1504,WASHER-HARD,26
PS45880,5P0840,SEAL-O-RING,2
PS45880,6I1055,DOWEL,1
PS45880,6V3250,SEAL-O-RING,1
PS45880,6V5063,SEAL-O-RING,1
PS45880,6V6609,SEAL-O-RING,1
PS45880,8C3089,SEAL-O-RING,1
PS45880,8S9191,BOLT,6
PS45880,9S8009,PLUG-LD STOR,1
PS45887,5516329,SWITCH AS-ROCKER,2
PS45887,6V6715,SCREW-PAN HEAD,8
PS45895,2P1293,LOCKNUT-BULKHEAD,2
PS45895,5355982,HOSE AS,1
PS45895,5355983,HOSE AS,1
PS45895,6V8983,ADAPTER-ELBOW,2
PS45895,6V9746,SEAL-O-RING-ORFS,4
PS45900,1060800,CONNECTOR GP-BSC,1
PS45900,1246524,SPACER,1
PS45900,3S2093,STRAP-CABLE,1
PS45900,5099922,PLATE,1
PS45900,5099930,COVER,1
PS45900,5P4116,WASHER-HARD,2
PS45900,8T7547,BOLT-HEX HEAD,2
PS45900,9X2616,SCREW-BUTTON HD,2
PS45903,2M9780,SEAL-O-RING-STOR,2
PS45903,3J1907,SEAL-O-RING-STOR,1
PS45903,5358865,MOTOR GP-GR(BSC),1
PS45903,6V8397,SEAL-O-RING-ORFS,1
PS45903,6V8398,SEAL-O-RING-ORFS,2
PS45913,,5606324 SFWR GP-A5007,1
PS45917,0S1571,BOLT-HEX HEAD,8
PS45917,1013125,GASKET,1
PS45917,1090077,SEAL-O-RING,2
PS45917,1142687,SEAL-O-RING,1
PS45917,1241854,BOLT-12 POINT HD,10
PS45917,1241855,BOLT-12 PT HEAD,16
PS45917,1250434,SEAL-INTEGRAL,1
PS45917,1262702,SEAL-INTEGRAL,1
PS45917,1264935,SEAL-INTEGRAL,1
PS45917,1422329,SEAL-DRAINBACK,1
PS45917,1674407,SEAL-O-RING,1
PS45917,1714358,SEAL-O-RING,1
PS45917,1986068,SEAL-INTEGRAL,1
PS45917,1R1808,FILTER-LUBE,2
PS45917,1S9540,DOWEL,1
PS45917,2133217,BOLT,24
PS45917,2239159,RING-PISTON,6
PS45917,2271204,GASKET,1
PS45917,2382707,RING-PISTON,6
PS45917,2385081,SEAL-O-RING-STOR,1
PS45917,2465659,RING-PISTON-OIL,6
PS45917,2481394,KIT-GASKET-SFI,6
PS45917,2613450,BEARING-ROD,6
PS45917,2818261,SLEEVE AS-EXH,6
PS45917,2918145,SEAL-O-RING-STOR,1
PS45917,3411429,SEAL-PIP,3
PS45917,3483295,KIT-GASKET(SCL),6
PS45917,3499659,GASKET,1
PS45917,3535065,GASKET-OIL PAN,2
PS45917,3590908,GASKET-CYL HEAD,1
PS45917,3E6772,SEAL-WATER,24
PS45917,3S9643,SEAL-LIP TYPE,2
PS45917,4N0699,GASKET,1
PS45917,4N1650,DOWEL,1
PS45917,5560701,LINER-CYLINDER,6
PS45917,5H1504,WASHER-HARD,26
PS45917,5P0840,SEAL-O-RING,2
PS45917,6I1055,DOWEL,1
PS45917,6V3250,SEAL-O-RING,1
PS45917,6V5063,SEAL-O-RING,1
PS45917,6V6609,SEAL-O-RING,1
PS45917,8C3089,SEAL-O-RING,1
PS45917,8S9191,BOLT,6
PS45917,9S8009,PLUG-LD STOR,1
PS45933,,BULK_OIL HYDRAULIC OIL (54 LITERS),1
PS45933,1982948,SEAL-SWIVEL JNT,5
PS45933,951633,SEAL-O-RING,3
PS45933,951728,SEAL-O-RING,1
PS45939,5297729,SPRING-SPOOL,1
PS45940,6C3210,BOLT (IF REQUIRED),4
PS45941,,No parts needed for this program,0
PS45960,1287903,SPACER,2
PS45960,1287905,SPACER,3
PS45960,5266708,BEARING,1
PS45960,5267811,ROD,1
PS45960,5398389,PLATE AS,1
PS45960,5400331,NUT-HEX (LH),1
PS45960,7X0858,ROD END-YOKE,1
PS45960,8T4223,WASHER-HARD,2
PS45960,8T6903,CLIP,1
PS45960,8T6905,PIN-CLEVIS,1
PS45962,3S2093,STRAP-CABLE,2
PS45962,5500190,CABLE AS,1
PS45993,1189901,SPACER,1
PS45993,3P9847,CLIP,1
PS45993,4512175,WASHER-HARD,2
PS45993,4532834,BOLT-HEX HEAD,2
PS45993,5640121,PLATE AS,1
PS45993,8T4121,WASHER-HARD,1
PS45993,8T4196,BOLT-HEX HEAD,1
PS46004,1235800,PLUG AS,2
PS46004,2352473,SEAL-RECTANGULAR,6
PS46004,2352475,SEAL-RECTANGULAR,4
PS46004,3K0360,SEAL-O-RING,2
PS46004,4328387,ACCUMULATOR GP-D,2
PS46004,4514725,SEAL,2
PS46004,4950589,ACCUMULATOR GP-A,2
PS46004,5013533,PLATE AS,1
PS46004,5019649,HOSE AS,2
PS46004,5019791,HOSE AS,2
PS46004,5037358,PLATE AS,1
PS46004,5181740,MANIFOLD,2
PS46004,5P0048,COVER,2
PS46004,6V0401,FLANGE-SPLIT,4
PS46004,6V9746,SEAL-O-RING-ORFS,2
PS46004,6V9877,ADAPTER-ELBOW,2
PS46004,7X0510,WASHER-HARD,8
PS46004,8C6854,BOLT-HEX HEAD,8
PS46004,8T3653,BOLT-HEX HEAD,8
PS46004,8T4121,WASHER-HARD,24
PS46004,8T4182,BOLT-HEX HEAD,24
PS46004,8T9403,FLANGE-SPLIT,12
PS46004,9G6640,SPACER,8
PS46005,5521848,WIRING GP-GENERA,1
PS46008,2646681,CLAMP-SPOOL,1
PS46008,5297729,SPRING-SPOOL,4
PS46023,,5693478 SFWR GP-A3000,1
PS46027,1013125,GASKET,1
PS46027,1090077,SEAL-O-RING,2
PS46027,1135304,SEAL-O-RING,2
PS46027,1142687,SEAL-O-RING,1
PS46027,1241854,BOLT-12 POINT HD,10
PS46027,1241855,BOLT-12 PT HEAD,16
PS46027,1250434,SEAL-INTEGRAL,1
PS46027,1262702,SEAL-INTEGRAL,1
PS46027,1264935,SEAL-INTEGRAL,1
PS46027,1422329,SEAL-DRAINBACK,1
PS46027,1674407,SEAL-O-RING,1
PS46027,1714358,SEAL-O-RING,2
PS46027,1R1808,FILTER-LUBE,1
PS46027,1S9540,DOWEL,1
PS46027,2133217,BOLT,24
PS46027,2239159,RING-PISTON,6
PS46027,2271204,GASKET,1
PS46027,2382707,RING-PISTON,6
PS46027,2385081,SEAL-O-RING-STOR,1
PS46027,2465659,RING-PISTON-OIL,6
PS46027,2481394,KIT-GASKET-SFI,6
PS46027,2613450,BEARING-ROD,6
PS46027,2818261,SLEEVE AS-EXH,6
PS46027,2918145,SEAL-O-RING-STOR,1
PS46027,3411429,SEAL-PIP,3
PS46027,3483295,KIT-GASKET(SCL),6
PS46027,3535065,GASKET-OIL PAN,2
PS46027,3590908,GASKET-CYL HEAD,1
PS46027,3E6772,SEAL-WATER,24
PS46027,3S9643,SEAL-LIP TYPE,2
PS46027,4365757,KIT-GASKET (T),1
PS46027,4N0699,GASKET,1
PS46027,4N1650,DOWEL,1
PS46027,5560701,LINER-CYLINDER,6
PS46027,5H1504,WASHER-HARD,26
PS46027,5P0840,SEAL-O-RING,2
PS46027,6I1055,DOWEL,1
PS46027,6V3250,SEAL-O-RING,1
PS46027,6V5063,SEAL-O-RING,1
PS46027,6V6609,SEAL-O-RING,1
PS46027,8C3089,SEAL-O-RING,1
PS46027,8S9191,BOLT,6
PS46027,9S8009,PLUG-LD STOR,1
PS46034,1013125,GASKET,1
PS46034,1090077,SEAL-O-RING,2
PS46034,1135304,SEAL-O-RING,2
PS46034,1142687,SEAL-O-RING,1
PS46034,1241854,BOLT-12 POINT HD,10
PS46034,1241855,BOLT-12 PT HEAD,16
PS46034,1250434,SEAL-INTEGRAL,1
PS46034,1262702,SEAL-INTEGRAL,1
PS46034,1264935,SEAL-INTEGRAL,1
PS46034,1422329,SEAL-DRAINBACK,1
PS46034,1674407,SEAL-O-RING,1
PS46034,1714358,SEAL-O-RING,2
PS46034,1R1808,FILTER-LUBE,1
PS46034,1S9540,DOWEL,1
PS46034,2133217,BOLT,24
PS46034,2239159,RING-PISTON,6
PS46034,2271204,GASKET,1
PS46034,2382707,RING-PISTON,6
PS46034,2385081,SEAL-O-RING-STOR,1
PS46034,2465659,RING-PISTON-OIL,6
PS46034,2481394,KIT-GASKET-SFI,6
PS46034,2613450,BEARING-ROD,6
PS46034,2818261,SLEEVE AS-EXH,6
PS46034,2918145,SEAL-O-RING-STOR,1
PS46034,3411429,SEAL-PIP,3
PS46034,3483295,KIT-GASKET(SCL),6
PS46034,3535065,GASKET-OIL PAN,2
PS46034,3590908,GASKET-CYL HEAD,1
PS46034,3E6772,SEAL-WATER,24
PS46034,3S9643,SEAL-LIP TYPE,2
PS46034,4365757,KIT-GASKET (T),1
PS46034,4N0699,GASKET,1
PS46034,4N1650,DOWEL,1
PS46034,5560701,LINER-CYLINDER,6
PS46034,5H1504,WASHER-HARD,26
PS46034,5P0840,SEAL-O-RING,2
PS46034,6I1055,DOWEL,1
PS46034,6V3250,SEAL-O-RING,1
PS46034,6V5063,SEAL-O-RING,1
PS46034,6V6609,SEAL-O-RING,1
PS46034,8C3089,SEAL-O-RING,1
PS46034,8S9191,BOLT,6
PS46034,9S8009,PLUG-LD STOR,1
PS46037,4M6425,BOLT,1
PS46037,5P4116,WASHER-HARD,1
PS46037,5S7379,BOLT-HEX HEAD,1
PS46042,,No parts needed for this program,0
PS46047,5550489,HARNESS AS,1
PS46054,1U9891,ADDITIVE-OIL,6
PS46074,2042281,STRAP-CABLE,4
PS46074,3270325,MOUNT-FIR TREE,10
PS46074,4427954,NUT-RING,4
PS46074,5516157,HARNESS AS,1
PS46074,5516158,HARNESS AS,1
PS46074,7K1181,STRAP-CABLE,4
PS46074,9X6257,SCREW-PAN HEAD,16
PS46075,1163715,STUD-TAPERLOCK,2
PS46075,3752467,LOCKNUT-FLANGED,2
PS46075,3979301,SPACER-HARD,2
PS46076,5656952,PLATE AS,1
PS46086,,PLATE (FABRICATED BY DEALER),1
PS46095,2618566,KIT-SEAL-H.CYL-1 (After Failure Only),1
PS46095,4988458,STEM AS-ARCH,1
PS46095,4988460,STEM AS-BOOM,1
PS46095,5297729,SPRING-SPOOL,4
PS46101,1P0810,TAPE-VINYL (After Failure Only),1
PS46101,2006345,MOUNT-SWIVEL (After Failure Only),1
PS46101,7H8213,MAT-BAT BASE (After Failure Only),8
PS46101,7K1181,STRAP-CABLE (After Failure Only),30
PS46103,,5686298 SFWR GP-A3000,1
PS46103,,5686592 SFWR GP-A3000,1
PS46103,,5686593 SFWR GP-A3000,1
PS46106,4630509,BAR,6
PS46106,5626549,PLATE,4
PS46107,,5331557 SFWR GP-A3000,1
PS46107,,5331558 SFWR GP-A5000,1
PS46107,,5331559 SFWR GP-A2000,1
PS46113,1M9011,RING-SEALING,1
PS46113,2160273,SEAL-LIP TYPE,1
PS46113,2327432,PLATE-CLUTCH,2
PS46113,2443114,VALVE GP-MDL -C,5
PS46113,2955609,SEAL-O-RING,1
PS46113,2D6506,SEAL-O-RING,1
PS46113,3317021,ACCUMULATOR GP-D,1
PS46113,3375270,ELEMENT AS-XMSN,1
PS46113,5202974,SFWR GP-A4000,1
PS46113,5202987,SFWR GP-A4000,1
PS46113,5234605,ROLLER,2
PS46113,5790215,SFWR GP-A4000 (If not already installed.),1
PS46113,5790224,SFWR GP-A5000 (If not already installed.),1
PS46113,5M3038,SEAL-O RING,2
PS46113,5P7530,SEAL-O-RING,5
PS46113,617540,SEAL-O-RING,1
PS46113,8M4390,SEAL-O-RING,1
PS46113,8M5010,SEAL-O RING,2
PS46113,8P2019,RING-SEAL,1
PS46113,8P2022,RING-SEAL,1
PS46113,8P2051,PLATE-CLUTCH,8
PS46113,9M7002,SEAL-O-RING,3
PS46113,9P7390,DISC AS-FRICTION,10
PS46118,5685709,SFWR GP-A3000,1
PS46118,5686257,SFWR GP-A3003,1
PS46118,5686263,SFWR GP-A3003,1
PS46120,,CARBODY ORDER VIA MSO,1
PS46120,,HARDWOOD_BLOCKS PROCURE LOCALLY,40
PS46120,,STEEL_PLATE PROCURE LOCALLY,4
PS46120,1533976,BOLT-HEX HEAD,50
PS46120,1P3705,SEAL-RECTANGULAR,4
PS46120,1P4584,FLANGE-SPLIT,4
PS46120,3D8908,FLANGE-COVER,2
PS46120,4380689,SEAL,1
PS46120,4389253,BOLT-HEX HEAD,48
PS46120,4389275,BOLT-HEX HEAD,52
PS46120,4392907,SPACER,100
PS46120,4396096,PIN,2
PS46120,4514844,BOLT-HEX HEAD,50
PS46120,4544034,SPACER,50
PS46120,4544035,SPACER,50
PS46120,4773191,EYEBOLT AS,2
PS46120,5342472,EYE,1
PS46120,5353565,EYE,4
PS46120,5P0049,COVER,4
PS46120,5P8077,FLANGE-SPLIT,8
PS46120,6J2680,SEAL-O-RING,2
PS46120,7X2563,BOLT-HEX HEAD,2
PS46120,8C4032,NUT-HEX,52
PS46120,8T4122,WASHER-HARD,16
PS46120,8T4123,WASHER-HARD,2
PS46120,8T4140,BOLT-HEX HEAD,16
PS46120,8T4184,BOLT-HEX HEAD,8
PS46120,8T4223,WASHER-HARD,8
PS46125,5110436,KIT-DRIVE (GP),1
PS46127,5550489,HARNESS AS,1
PS46128,4566218,DISC,1
PS46128,4624654,SCREW-CAP,20
PS46128,4624655,SCREW,30
PS46128,4624657,SCREW-CAP,5
PS46128,4624658,WASHER-LOCK,5
PS46128,4624659,SEAL-AXIAL FACE,1
PS46128,4624661,SEAL-O-RING,2
PS46128,4624662,SEAL-V-RING,1
PS46128,4624663,VALVE-BLEEDER,1
PS46128,4624664,PLUG-PIPE,2
PS46128,4624665,SEAL-COPPER,3
PS46133,,PLATE (DEALER FABRICATED) (MD6250 & MD6310),1
PS46133,,PLATE (DEALER FABRICATED) (MD6250),1
PS46133,,PLATE (MD6310),1
PS46133,1984777,WASHER-HARD (MD6310),2
PS46133,1P4584,FLANGE-SPLIT (MD6250 & MD6310),4
PS46133,2531348,COUPLING AS (Before Failure Only)(MD6250 & MD6310),2
PS46133,3293356,NUT-HEX (MD6250 & MD6310),4
PS46133,4489445,STUD (MD6250 & MD6310),3
PS46133,4776507,ANCHOR AS (MD6250 & MD6310),1
PS46133,5289742,GUARD AS (MD6250 & MD6310),2
PS46133,5535827,PLATE (MD6250 & MD6310),1
PS46133,5656118,HOSE AS (After Failure Only) (MD6250) (13.6m MAST),1
PS46133,5656119,HOSE AS (After Failure Only) (MD6250) (11.2m MAST),1
PS46133,5656120,HOSE AS (After Failure Only) (MD6250),1
PS46133,5726834,HOSE AS (After Failure Only) (MD6310),1
PS46133,5726835,HOSE AS (After Failure Only) (MD6310),1
PS46133,6J2680,SEAL-O-RING (MD6250),2
PS46133,8T0568,SEAL-O-RING (MD6310),2
PS46133,8T4196,BOLT-HEX HEAD (MD6310),2
PS46133,8T4223,WASHER-HARD (MD6250 & MD6310),5
PS46133,8T4648,BOLT-HEX HEAD (MD6250),1
PS46133,8T6868,BOLT-HEX HEAD (MD6310),1
PS46133,9C4935,PLATE (MD6310),1
PS46140,,WIRE RED 16 AWG SXL WIRE (15 DM),15
PS46140,1257875,TUBE-BULK (12 CM),12
PS46140,1907614,KIT-RCPT CONN,2
PS46140,6A3361,WIRE BK-ELEC (15 DM),15
PS46140,8T8737,PLUG-SEAL,20
PS46140,9X3401,PIN-CONNECTOR,4
PS46140,9X3402,SOCKET-CONNECTOR,3
PS46141,1862098,KIT-FASTENER,1
PS46141,3S2093,STRAP-CABLE,3
PS46141,5038825,DAMPER KT,1
PS46141,5D9629,ROD,3
PS46156,1950938,INSERT-HEX THD,3
PS46156,2942622,INSERT-THREADED,3
PS46156,2B0941,SPACER,3
PS46156,8T4224,WASHER-HARD,3
PS46156,8T6912,BOLT-HEX HEAD,3
PS46158,5615387,VALVE GP-CONTROL,2
PS46160,,OIL ENGINE OIL See OMM (After Failure Only),1
PS46160,1090076,SEAL-O-RING (After Failure Only),1
PS46160,1178801,SEAL-O-RING (After Failure Only),2
PS46160,1R0716,FILTER AS-LUBE (After Failure Only),2
PS46160,20R1895,CAMSHAFT (After Failure Only),1
PS46160,20R8517,ARM GP-V ROCKER,1
PS46160,2314708,SEAL-O-RING (After Failure Only),1
PS46160,315085,BOLT-LOCKING (After Failure Only),6
PS46160,3565212,BOLT-12 POINT HD,12
PS46160,5E8771,SEAL-O-RING (After Failure Only),2
PS46160,5P8429,SEAL-O-RING (After Failure Only),2
PS46160,8S9191,BOLT (After Failure Only),6
PS46161,,OIL Bulk Oil per OMM (After FailureOnly),1
PS46161,1090076,SEAL-O-RING (After Failure Only),1
PS46161,1178801,SEAL-O-RING (After Failure Only),2
PS46161,1R0716,FILTER AS-LUBE (After Failure Only),2
PS46161,20R1895,CAMSHAFT (After Failure Only),1
PS46161,20R8517,ARM GP-V ROCKER,1
PS46161,2314708,SEAL-O-RING (After Failure Only),1
PS46161,315085,BOLT-LOCKING (After Failure Only),6
PS46161,3565212,BOLT-12 POINT HD,12
PS46161,5E8771,SEAL-O-RING (After Failure Only),2
PS46161,5P8429,SEAL-O-RING (After Failure Only),2
PS46161,8S9191,BOLT (After Failure Only),6
PS46162,,OIL Bulk Oil per OMM,1
PS46162,1090076,SEAL-O-RING (After Failure Only),1
PS46162,1178801,SEAL-O-RING (After Failure Only),2
PS46162,1R0716,FILTER AS-LUBE (After Failure Only),2
PS46162,20R1893,CAMSHAFT (After Failure Only),1
PS46162,20R8517,ARM GP-V ROCKER,1
PS46162,2314708,SEAL-O-RING (After Failure Only),1
PS46162,315085,BOLT-LOCKING (After Failure Only),6
PS46162,3565212,BOLT-12 POINT HD,12
PS46162,5E8771,SEAL-O-RING (After Failure Only),2
PS46162,5P8429,SEAL-O-RING (After Failure Only),2
PS46162,8S9191,BOLT (After Failure Only),6
PS46193,,OIL Bulk Oil per OMM,1
PS46193,1J9671,SEAL-O-RING,1
PS46193,2053079,ADAPTER-STR,1
PS46193,3565212,BOLT-12 POINT HD,12
PS46193,3J1907,SEAL-O-RING-STOR,3
PS46193,5457861,VALVE GP-MT,1
PS46193,5624791,HOSE AS,1
PS46193,5624792,HOSE AS,1
PS46193,5644743,HARNESS AS,1
PS46193,6V8397,SEAL-O-RING-ORFS,1
PS46193,6V8398,SEAL-O-RING-ORFS,1
PS46193,6V9851,ADAPTER-ELBOW,1
PS46193,7K1181,STRAP-CABLE,1
PS46193,8T6876,ADAPTER-ELBOW,1
PS46193,9R2672,BOSS,1
PS46195,,OIL Bulk Oil per O&MM (After Failure Only),1
PS46195,1090076,SEAL-O-RING (After Failure Only),1
PS46195,1178801,SEAL-O-RING (After Failure Only),2
PS46195,1R0716,FILTER AS-LUBE (After Failure Only),2
PS46195,20R1895,CAMSHAFT (After Failure Only),1
PS46195,20R8517,ARM GP-V ROCKER,1
PS46195,2314708,SEAL-O-RING (After Failure Only),1
PS46195,315085,BOLT-LOCKING (After Failure Only),6
PS46195,3565212,BOLT-12 POINT HD,12
PS46195,5E8771,SEAL-O-RING (After Failure Only),2
PS46195,5P8429,SEAL-O-RING (After Failure Only),2
PS46195,8S9191,BOLT (After Failure Only),6
PS46201,,No parts needed for this program,0
PS46204,4287945,TUBE AS,1
PS46204,4J0520,SEAL-O-RING,1
PS46204,5K9090,SEAL-O-RING-ORFS,1
PS46204,7M8485,SEAL-O-RING-STOR,1
PS46204,8T9580,OIL,1
PS46210,4649758,GASKET,1
PS46210,5763073,BLOCK AS,2
PS46211,,5698560 SFWR GP-A1000,1
PS46221,0813814,OIL RING,2
PS46221,0813853,O-RING,2
PS46221,1356125,KEY-WOODRUFF,2
PS46221,1889926,SEAL,4
PS46221,1893268,RING,4
PS46221,2314245,WASHER-HARD,2
PS46221,2899555,BOLT-HEX SOCKET,2
PS46221,5251425,KEY-DRIVE,2
PS46221,5251428,SHAFT-SHIFT ROD,2
PS46222,2490712,INJECTOR GP-FUEL,6
PS46228,4231842,TUBE AS (After Failure Only),1
PS46228,4481960,TUBE AS (After Failure Only),1
PS46228,5645350,PLATE,1
PS46228,7X7729,WASHER-HARD,5
PS46228,8T4133,NUT,1
PS46228,8T4195,BOLT-HEX HEAD,4
PS46229,4730028,FILM (After Failure Only),1
PS46229,5595059,HOOD AS (After Failure Only),1
PS46229,5729451,INSTALL GP-HOOD (Before Failure Only),1
PS46233,3K0360,SEAL-O-RING,3
PS46233,5487086,HOSE AS,1
PS46233,5487087,HOSE AS,1
PS46233,5635382,PLATE AS,1
PS46233,5664768,VALVE GP-CHECK,1
PS46233,6V8398,SEAL-O-RING-ORFS,3
PS46233,6V8625,ADAPTER-ELBOW,2
PS46233,6V9002,ADAPTER-ELBOW,1
PS46233,7X2534,BOLT-HEX HEAD,2
PS46233,7X7729,WASHER-HARD,2
PS46233,8T4136,BOLT-HEX HEAD,2
PS46233,9C4935,PLATE,1
PS46233,9X8256,WASHER,2
PS46261,,5780931 SOFTWARE GP (CAMP-SIL),1
PS46261,,5780932 SOFTWARE GP (non-SIL),1
PS46264,4391315,CONT GP-HANDLE,1
PS46264,4391318,CONT GP-HANDLE,1
PS46265,2S4078,SEAL-O-RING,2
PS46265,5693948,COOLER-OIL,1
PS46265,5K9090,SEAL-O-RING-ORFS,2
PS46270,5787764,C9.3 972L/M PS MWL T4F PLRC T3 ENGINE,1
PS46270,5788841,C9.3 972L/M PS MWL T4F PLRC T3 FLEX ENGINE,1
PS46282,7N4320,GASKET,2
PS46287,1536721,GASKET-TOP COVER,1
PS46287,5626148,VALVE GP-MT,2
PS46287,5704933,VALVE GP-MDL,1
PS46287,6D7889,SEAL-O-RING,1
PS46289,2384743,WASHER,4
PS46289,3346715,GLASS-WINDSHIELD (After Failure Only),1
PS46289,8T4121,WASHER-HARD,4
PS46295,,BULK_OIL HYDRAULIC OIL - 60L,1
PS46295,1560619,SEAL-RECTANGULAR,5
PS46295,20R6246,MOTOR GP-PSF-210 (After Failure Only),1
PS46295,20R6247,MOTOR GP-PSF-210 (After Failure Only),1
PS46295,951633,SEAL-O-RING,3
PS46295,951728,SEAL-O-RING,1
PS46300,,BULK_OIL TDTO - 41 gal (155L),1
PS46300,1M9011,RING-SEALING,1
PS46300,2160273,SEAL-LIP TYPE,1
PS46300,2327432,PLATE-CLUTCH,2
PS46300,2443114,VALVE GP-MDL -C,5
PS46300,2955609,SEAL-O-RING,1
PS46300,2D6506,SEAL-O-RING,1
PS46300,3317021,ACCUMULATOR GP-D,1
PS46300,3375270,ELEMENT AS-XMSN,1
PS46300,5202974,SFWR GP-A4000,1
PS46300,5202987,SFWR GP-A4000,1
PS46300,5234605,ROLLER,2
PS46300,5790215,SFWR GP-A4000 (If not already installed.),1
PS46300,5790224,SFWR GP-A5000 (If not already installed.),1
PS46300,5M3038,SEAL-O RING,2
PS46300,5P7530,SEAL-O-RING,5
PS46300,617540,SEAL-O-RING,1
PS46300,8M4390,SEAL-O-RING,1
PS46300,8M5010,SEAL-O RING,2
PS46300,8P2019,RING-SEAL,1
PS46300,8P2022,RING-SEAL,1
PS46300,8P2051,PLATE-CLUTCH,8
PS46300,9M7002,SEAL-O-RING,3
PS46300,9P7390,DISC AS-FRICTION,10
PS46302,,No parts needed for this program,0
PS46304,,OILBULK ENGINE OIL per OMM (After Failure Only),1
PS46304,1376500,ROTOCOIL AS.,32
PS46304,1609874,KIT-GASKET-SCL (After Failure Only),8
PS46304,1979322,LINER-CYLINDER (After Failure Only),8
PS46304,1W5813,GASKET-OIL PAN (After Failure Only),1
PS46304,2810029,KIT-GASKET-SFI (After Failure Only),8
PS46304,2P2817,RING-PSTN-INTMD (After Failure Only),8
PS46304,3285574,BEARING-ROD (After Failure Only),8
PS46304,3463340,RING-PISTON (After Failure Only),8
PS46304,3638086,KIT-GASKET(SCH) (After Failure Only),2
PS46304,4N1151,GASKET-OIL PAN (After Failure Only),1
PS46304,6N2469,GASKET-OIL PAN (After Failure Only),1
PS46304,7N7078,RING-PSTN OIL (After Failure Only),8
PS46304,9Y7212,BODY AS-PISTON (After Failure Only),8
PS46315,5720236,VALVE GP-DIVIDER,1
PS46318,1984767,WASHER-HARD,8
PS46318,2678821,WASHER,11
PS46318,8T4132,NUT-HEX,2
PS46318,8T4140,BOLT-HEX HEAD,3
PS46318,8T4183,BOLT-HEX HEAD,6
PS46318,8T7338,BOLT-HEX HEAD,2
PS46325,,HEX File V1.03 (See action required),1
PS46325,,ICD4 Service Kit (See action required),1
PS46325,,OIL_MIST_SFWR Oil Mist Manager Software (See action required),1
PS46334,,No parts needed for this program,0
PS46337,No parts needed for this program,,2
PS46346,2229112,BEARING (if needed),2
PS46346,3F8592,WASHER,2
PS46346,4D8002,COTTER,2
PS46346,5597440,PIN,1
PS46346,6V9678,NUT-CASTLE,2
PS46347,5006257,BOLT-HEX HEAD,16
PS46350,1336934,SPACER-HARD,1
PS46350,2147568,SEAL-O-RING-STOR,1
PS46350,2287093,SEAL-O-RING-ORFS,2
PS46350,2385084,SEAL-O-RING-STOR,1
PS46350,2597140,STUD-TAPERLOCK,1
PS46350,3445675,NUT-HEX,1
PS46350,4J0520,SEAL-O-RING,1
PS46350,5084183,HOSE AS,1
PS46350,5205004,HOSE AS,1
PS46350,5E9684,ADAPTER-ELBOW,1
PS46350,5P7468,CLIP-HALF SLOT,1
PS46350,5P7469,CLIP-HALF TANG,1
PS46350,5P8444,GROMMET,1
PS46350,6V0852,CAP-DUST,1
PS46350,6V3965,ADAPTER-STR,1
PS46350,8T4121,WASHER-HARD,3
PS46350,8T4133,NUT,1
PS46350,8T4196,BOLT-HEX HEAD,1
PS46350,8T4834,TEE-SWIVEL-ORFS,1
PS46350,917717,SPACER,1
PS46351,1984777,WASHER-HARD,5
PS46351,1984778,WASHER-HARD,2
PS46351,5671496,BRACKET,1
PS46351,5671497,BLOCK,1
PS46351,6U5219,CLAMP-U,1
PS46351,8T4194,BOLT-HEX HEAD,2
PS46351,8T4195,BOLT-HEX HEAD,3
PS46352,5024184,HOSE-AFTERCOOLER,1
PS46355,4153564,CONT GP-JOYSTICK,1
PS46362,5766337,SPIDER AS-FAN,2
PS46362,5769332,SUPPORT AS-FAN,2
PS46362,5780582,SHROUD AS-RING,8
PS46362,8T4196,BOLT-HEX HEAD,12
PS46364,,No parts needed for this program,0
PS46373,4587842,TAPE-BULK,30
PS46373,5358478,PLATE,1
PS46373,5609871,PLUG-FOAM,2
PS46376,0S1604,BOLT,4
PS46376,1073119,SEAL-O-RING,1
PS46376,1336578,SEAL-O-RING,1
PS46376,1503296,RING - SEAL,1
PS46376,1650507,RING-SEAL (EXT),1
PS46376,1757904,SEAL-O-RING,2
PS46376,1P3704,SEAL-RECTANGULAR,2
PS46376,1P9216,RING-SEAL,2
PS46376,1S6515,RING-SEAL,1
PS46376,1T0234,RING-METAL SEAL,1
PS46376,1T1597,RING-SEAL,5
PS46376,1T1599,RING-SEAL,2
PS46376,2284947,SEAL-O-RING,4
PS46376,2287092,SEAL-O-RING-ORFS,2
PS46376,2287093,SEAL-O-RING-ORFS,2
PS46376,2385082,SEAL-O-RING-STOR,1
PS46376,2385084,SEAL-O-RING-STOR,3
PS46376,2432737,SEAL-O-RING,1
PS46376,2696932,BEARING-THRUST,1
PS46376,2J0157,SEAL-O-RING,6
PS46376,2S1362,RING-SEAL,1
PS46376,3116130,SEAL-O-RING,1
PS46376,3308197,SEAL-O-RING,1
PS46376,3375270,ELEMENT AS-XMSN,1
PS46376,3533952,DISC-FRICTION,6
PS46376,3534888,PLATE-CLUTCH,6
PS46376,3534922,BUTTON-THRUST,56
PS46376,3534938,GASKET,1
PS46376,3592811,GASKET,1
PS46376,3592813,GASKET,1
PS46376,3653179,SEAL-LIP TYPE,1
PS46376,3679384,SEAL-O-RING,1
PS46376,3679385,SEAL-O-RING,1
PS46376,3704648,GASKET,1
PS46376,3810187,GASKET,1
PS46376,3853954,GASKET,1
PS46376,3853955,GASKET,1
PS46376,3872970,GASKET,1
PS46376,3872971,GASKET,1
PS46376,3872973,GASKET,1
PS46376,3D2824,SEAL-O-RING-STOR,1
PS46376,3H4970,SEAL-O-RING,2
PS46376,3K0360,SEAL-O-RING,1
PS46376,3S1279,RING-SEAL,1
PS46376,41964,SEAL-O RING,1
PS46376,4218199,VALVE GP-SOL,1
PS46376,4255636,GASKET,1
PS46376,4591195,BEARING-THRUST,1
PS46376,4666259,RING-RETAINING,1
PS46376,4677358,"PISTON-CLUTCH (Only if needed, See Note F)",1
PS46376,4780048,RING-SEAL,2
PS46376,4886382,"RING-SEAL(Only if needed, See Note F)",1
PS46376,4908824,"PLATE AS (Only if needed, See Note F)",1
PS46376,4F7389,SEAL-O-RING,1
PS46376,4J0522,SEAL-O-RING,4
PS46376,4M0189,SEAL-O RING,1
PS46376,4M6480,GASKET,1
PS46376,5095767,RING-SEAL,2
PS46376,5104183,"PIN (Only if needed, See Note F)",1
PS46376,5183168,RING-SEAL,1
PS46376,5185072,VALVE GP-SOL,7
PS46376,5200122,"HUB-CLUTCH (Only if needed, See Note C)",1
PS46376,5247955,"PISTON-CLUTCH (Only if needed, See Note C)",1
PS46376,5387564,SCREW-TRUSS HEAD **,48
PS46376,5508164,"PIN (Only if needed, See Note D)",2
PS46376,5537191,"SHAFT * (Only if needed, See Note E)",1
PS46376,5705044,"PLATE (Only if needed, See Note B)",1
PS46376,5744488,"HOUSING AS ((Only if needed, See Note C)",1
PS46376,5744495,"CARRIER AS *** (Only if needed, See Note A)",1
PS46376,5835170,SFWR GP-A5007,1
PS46376,5835179,SFWR GP-A3001,1
PS46376,5P8286,SEAL-O-RING,1
PS46376,619457,SEAL-O-RING,1
PS46376,6F0155,RING-METAL SEAL,2
PS46376,6J2244,SEAL-O-RING,2
PS46376,6T0248,RING-SEAL,2
PS46376,6T0838,RING-SEAL,1
PS46376,6U0455,STRAP,4
PS46376,6U0456,LASHING TIE 20,4
PS46376,6V1720,PLATE-SERIAL NO,1
PS46376,6V3955,SEAL-O-RING,1
PS46376,6V5141,SEAL-O-RING,2
PS46376,6V8001,SEAL-O-RING,1
PS46376,6V8398,SEAL-O-RING-ORFS,1
PS46376,6Y2983,RING-SEAL,2
PS46376,7M8485,SEAL-O-RING-STOR,3
PS46376,7S7018,RING-SEAL METAL,1
PS46376,7T5987,RING-SEAL,1
PS46376,7X4744,SEAL-O-RING,1
PS46376,8L2786,SEAL-O-RING,1
PS46376,8P8744,RING-SEAL EXT,1
PS46376,8T2611,RING-RETAINING,1
PS46376,9G8718,RING-SEAL,1
PS46376,9H0846,SEAL-O-RING,1
PS46376,9M2008,RING-METAL SEAL,1
PS46376,9U9484,RING-SEAL,1
PS46405,5771121,SETSCREW,4
PS46421,0993649,BOLT-HEX HEAD,8
PS46421,1425868,SEAL-CSHFT(REAR) (If Needed),1
PS46421,1541580,WASHER-HARD,4
PS46421,1P3705,SEAL-RECTANGULAR,4
PS46421,2986387,SEAL-O-RING (If Needed),1
PS46421,2D8009,SEAL-O-RING,1
PS46421,3J1907,SEAL-O-RING-STOR,3
PS46421,4J0524,SEAL-O-RING,4
PS46421,4N0848,SLEEVE-WEAR (If Needed),1
PS46421,5024034,SEAL-O-RING (If Needed),1
PS46421,5512471,TUBE AS,1
PS46421,5513866,COUPLER AS,1
PS46421,5513867,ADAPTER,1
PS46421,5535923,HOSE AS,1
PS46421,5535924,HOSE AS,1
PS46421,5535996,HOSE AS,1
PS46421,5535997,HOSE AS,1
PS46421,5535998,HOSE AS,1
PS46421,5535999,HOSE AS,1
PS46421,5536000,HOSE AS,1
PS46421,5K9090,SEAL-O-RING-ORFS,4
PS46421,6E3337,SEAL-SHAFT (If Needed),1
PS46421,6V8076,ADAPTER-ELBOW,1
PS46421,6V8397,SEAL-O-RING-ORFS,6
PS46421,7X2563,BOLT-HEX HEAD,4
PS46421,816344,SPACER,12
PS46421,8T4910,BOLT-HEX HEAD,12
PS46427,,WELD GAUGE,1
PS46453,2330890,PIN,2
PS46453,2412501,WASHER,2
PS46453,5P1076,WASHER-HARD,4
PS46453,7X2562,BOLT-HEX HEAD,2
PS46453,8T4123,WASHER-HARD,2
PS46453,8T4183,BOLT-HEX HEAD,4
PS46453,9C6984,PLATE,2
PS46463,4674162,INSTL GP-FIELD (After Failure Only),1
PS46463,4674163,INSTL GP-FIELD (After Failure Only),1
PS46463,8T8737,PLUG-SEAL (Before Failure Only),69
PS46464,5726499,FILM (Group 5),1
PS46464,5726503,FILM (Group 1),1
PS46468,1727810,BEARING (After Failure Only),2
PS46468,1727812,BEARING (After Failure Only),2
PS46468,1735575,SEAL-RING (After Failure Only),2
PS46468,9X7701,SEAL-PIN (After Failure Only),2
PS46469,,No parts needed for this program,0
PS46472,5197379,BELT,1
PS46479,3101898,CLIP-LADDER,1
PS46479,5497994,HARNESS AS (After Failure Only),1
PS46479,7K1181,STRAP-CABLE,1
PS46479,8T4121,WASHER-HARD,1
PS46479,8T4136,BOLT-HEX HEAD,1
PS46479,950913,CLIP,1
PS46484,1984776,WASHER-HARD,6
PS46484,2379960,CLIP-LADDER,1
PS46484,3445674,NUT-HEX,2
PS46484,3453579,GASKET-EXHAUST,2
PS46484,5712793,MUFFLER AS,1
PS46484,5713287,BRACKET,1
PS46484,5P4116,WASHER-HARD,4
PS46484,8T4189,BOLT-HEX HEAD,2
PS46484,8T4224,WASHER-HARD,2
PS46484,8T4908,BOLT-HEX HEAD,1
PS46484,8T7547,BOLT-HEX HEAD,7
PS46485,5773878,REPAIR KT,1
PS46491,5743783,CABLE AS,1
PS46500,1772215,STRAP-CBL DUAL,18
PS46500,2062727,GUARD-HOSE (408 CM),408
PS46500,4P7581,CLIP-LADDER,1
PS46500,5280256,TIE-CABLE,2
PS46500,5699013,HARNESS AS,4
PS46500,7K1181,STRAP-CABLE,1
PS46502,1076631,ADAPTER-STR,1
PS46502,3543863,ADAPTER-FILTER,1
PS46502,3J1907,SEAL-O-RING-STOR,2
PS46502,5435391,VALVE GP-SOL (After Failure Only),2
PS46502,6V8397,SEAL-O-RING-ORFS,1
PS46502,8C8431,ADAPTER-TEE,1
PS46503,,5900178 PL542 Cellular Radio Software,1
PS46503,5323753,Cable As - 14-pin Svc Port (Alternate to 532-3754),1
PS46503,5323754,Cable As - 9-pin Svc Port,1
PS46503,5325452,Cable As - 12-pin PL-Ready (Alternate to 532-3754),1
PS46503,5360072,Harness As - 9-Pin Y-Harness (Optional),1
PS46503,5368838,Cable As - 8-pin PL-Ready (Alternate to 532-3754),1
PS46503,5429452,Cable As - 14-Pin Y-Harness (Optional),1
PS46503,5493131,PL542 Cell Radio Field Install Kit,1
PS46504,,5900178 PL542 Cellular Radio Software,1
PS46504,5323753,Cable As - 14-pin Svc Port (Alternate to 532-3754),1
PS46504,5323754,Cable As - 9-pin Svc Port,1
PS46504,5325452,Cable As - 14-Pin Y-Harness (Optional),1
PS46504,5360072,Harness As - 9-Pin Y-Harness (Optional),1
PS46504,5368838,Cable As - 8-pin PL-Ready (Alternate to 532-3754),1
PS46504,5429452,Cable As - 14-Pin Y-Harness (Optional),1
PS46504,5493131,PL542 Cell Radio Field Install Kit,1
PS46505,,5818919 PL542v2 Cellular Radio Software,1
PS46505,,5900178 PL542 Cellular Radio Software,1
PS46505,5263054,PL240B Cell Radio Field Install Kit,1
PS46505,5323753,Cable As - 14-pin Svc Port (Alternate to 532-3754),1
PS46505,5323754,Cable As - 9-pin Svc Port,1
PS46505,5325452,Cable As - 14-Pin Y-Harness (Optional),1
PS46505,5360072,Harness As - 9-Pin Y-Harness (Optional),1
PS46505,5368838,Cable As - 8-pin PL-Ready (Alternate to 532-3754),1
PS46505,5429452,Cable As - 14-Pin Y-Harness (Optional),1
PS46506,,BULK_OIL TDTO SAE 50 (See Service Claim Allowance),1
PS46506,1845086,GEAR-RING (After Failure Only),4
PS46506,2031817,SHAFT-PLANET,16
PS46506,2819323,GEAR-SUN,4
PS46506,2819324,GEAR-PLANET,16
PS46506,2A1162,GASKET,4
PS46506,2A1538,BOLT,92
PS46506,2R0098,SEAL-O-RING,4
PS46506,4641949,RETAINER,16
PS46506,4794083,SPACER,4
PS46506,5588404,SFWR GP-A3000,1
PS46506,5621269,CARRIER-PLANET,4
PS46506,5813001,SFWR GP-A5000,1
PS46506,5B3265,GASKET-COPPER,4
PS46506,5F0304,PLUG-DRAIN,4
PS46506,5P8248,WASHER-HARD,92
PS46506,6C3241,BOLT,48
PS46506,6D0692,SEAL-O-RING,4
PS46506,6F4855,SEAL-O RING,4
PS46506,6Y9885,BEARING-RLR AS,32
PS46506,7H0308,RING-RETAINING,16
PS46506,8M3837,PLUG,4
PS46506,8T4223,WASHER-HARD,32
PS46506,8T8917,BOLT-HEX HEAD,32
PS46506,8X4552,WASHER,32
PS46506,8X9563,SPACER,16
PS46508,,5865325 PL641v2 Cellular Radio software (4G),1
PS46508,5555509,PL641v2 Cellular radio (4G) (Internal Antenna),1
PS46508,5555510,PL641v2 Cellular radio (4G) (External Antenna),1
PS46508,5754275,PLE601 TR Network Manager (E&T),1
PS46508,5754335,PLE601 CR Network Manager (E&T),1
PS46508,5841107,PLE601 CR Network Manager (Const),1
PS46508,5865314,PLE601 TR Network Manager (Const),1
PS46508,5586550,Hard Mount Antenna (4G) (Optional),1
PS46508,5586551,Adhesive Mount Antenna (4G),1
PS46513,5263054,PL240B Cell Radio Field Install Kit,1
PS46515,,5900178 PL542 Cellular Radio Software,1
PS46515,5323753,Cable As - 14-pin Svc Port (Alternate to 532-3754),1
PS46515,5323754,Cable As - 9-pin Svc Port,1
PS46515,5325452,Cable As - 12-pin PL-Ready (Alternate to 532-3754),1
PS46515,5360072,Harness As - 9-Pin Y-Harness (Optional),1
PS46515,5368838,Cable As - 8-pin PL-Ready (Alternate to 532-3754),1
PS46515,5429452,Cable As - 14-Pin Y-Harness (Optional),1
PS46515,5818919,PL542v2 Cellular Radio (4G),1
PS46522,3381132,LAMP GP-BASIC,1
PS46527,,PLATE - DEALER FABRICATION,1
PS46527,1333233,SEAL-BULK (280CM),280
PS46527,1333234,SEAL-BULK (430CM),430
PS46527,3202978,SEAL (BULK) (55CM),55
PS46527,5P6606,SEAL-BULK (14DM),14
PS46549,3J1907,SEAL-O-RING-STOR (AS REQUIRED),2
PS46553,,Hydraulic Oil See OMM (130 Liters-35 Gal),130
PS46553,1750453,VALVE,2
PS46553,1879630,SEAL-O-RING,1
PS46553,1H1023,SEAL-O RING,2
PS46553,2S2596,SPRING,2
PS46553,3613549,SEAL-O-RING,2
PS46553,4K1388,SEAL-O-RING-STOR,2
PS46553,4T5073,RING-BACKUP,2
PS46556,2V1937,GROMMET,1
PS46556,5P8524,GROMMET,1
PS46558,5798054,STEM AS-BUCKET,1
PS46575,4250726,KIT-SEAL,1
PS46575,5856749,ROD AS,1
PS46575,8T6624,BOLT-HEX HEAD (If Required - See Rework Procedure),12
PS46576,3774687,SEAL-LIP,1
PS46576,4876243,SHAFT-DRIVE,1
PS46576,5686842,HUB AS,1
PS46576,5686893,FLANGE AS,1
PS46576,8T4139,BOLT-HEX HEAD,6
PS46576,8T4223,WASHER-HARD,6
PS46577,No parts needed for this program,0,0
PS46583,1906064,U-BOLT,1
PS46583,3687724,CLEANER GP-AIR-B,1
PS46583,3E9411,WASHER-HARD,4
PS46583,5777948,PLATE AS,1
PS46583,5786720,LINER,1
PS46583,5P1076,WASHER-HARD,2
PS46583,8T4956,BOLT-HEX HEAD,2
PS46583,985747,NUT-HEX (THIN),4
PS46595,5818919,PL542v2 Cellular Radio Kit,1
PS46596,,5782447 PLE601 TR Network Manager Software (PLEM),1
PS46596,,5836413 PLE601 TR/CR Network Manager Software (OHT/LMT),1
PS46596,,5841107 PLE601 CR Network Manager Software (Const),1
PS46596,,5865314 PLE601 TR Network Manager Software (Const),1
PS46596,,5865325 PL641v2 Cellular Radio software (4G),1
PS46596,5555510,PL641v2 Cellular radio (4G) (External Antenna),1
PS46596,5586550,Hard Mount Antenna (Alternate) (4G),1
PS46596,5586551,Adhesive Mount Antenna (4G),1
PS46623, 8T4136,BOLT-HEX HEAD,4
PS46623,2618652,SWITCH AS-LIMIT (After Failure only),1
PS46623,2N0402,BOLT-SOCKET HEAD,2
PS46623,4P7581,CLIP-LADDER,1
PS46623,5796126,BRACKET AS,1
PS46623,5831489,BRACKET,1
PS46623,7K1181,STRAP-CABLE,1
PS46623,7X0345, BOLT,2
PS46623,7X7729,WASHER-HARD,4
PS46623,8T4122,WASHER-HARD,2
PS46638,9X6480,BOLT-12 POINT HD (After Failure Only),20
PS46643,5818919,PL542v2 Cellular Radio (4G),1
PS46644,5818919,PL542v2 Cellular Radio (4G),1
PS46648,5555510,PL641v2 Cellular radio (4G) (External Antenna),1
PS46648,5586550,Hard Mount Antenna (Alternate) (4G),1
PS46648,5586551,Adhesive Mount Antenna (4G),1
PS46648,5782447,PLE601 TR Network Manager Software (PLEM),1
PS46648,5841107,PLE601 CR Network Manager Software (Const),1
PS46648,5865314,PLE601 TR Network Manager Software (Const),1
PS46648,5932649,PL641v2 Cellular Radio software (4G),1
PS46654,,5782447 PLE601 TR Network Manager Software (PLEM),1
PS46654,,5841107 PLE601 CR Network Manager Software (Const),1
PS46654,,5865314 PLE601 TR Network Manager Software (Const),1
PS46654,,5932649 PL641v2 Cellular Radio software (4G),1
PS46654,5555510,PL641v2 Cellular radio (4G) (External Antenna),1
PS46654,5586550,Hard Mount Antenna (Alternate) (4G),1
PS46654,5586551,Adhesive Mount Antenna (4G),1
PS46664,,5754289 PLE602P Network Manager Software,1
PS46664,,5782447 PLE601 TR Network Manager Software (PLEM),1
PS46664,,5841107 PLE601 CR Network Manager Software (Const),1
PS46664,,5865314 PLE601 TR Network Manager Software (Const),1
PS46664,,5865815 PL243 Cellular Radio Software,1
PS46664,,5865821 PLE602H Network Manager Software,1
PS46664,,5932168 PLE702 Network Manager Software,1
PS46664,,5932649 PL641v2 Cellular Radio software (4G),1
PS46664,5503269,PL243 Cellular Radio Hardware (4G),1
PS46664,5555510,PL641v2 Cellular radio (4G) (External Antenna),1
PS46664,5586550,Hard Mount Antenna (Alternate) (4G),1
PS46664,5586551,Adhesive Mount Antenna (4G),1
PS46666,,5782447 PLE601 TR Network Manager Software (PLEM),1
PS46666,,5841107 PLE601 CR Network Manager Software (Const),1
PS46666,,5865314 PLE601 TR Network Manager Software (Const),1
PS46666,,5932649 PL641v2 Cellular Radio software (4G),1
PS46666,5555509,PL641v2 Cellular Radio (4G) (Internal Antenna),1
PS46671,,5782447 PLE601 TR Network Manager Software (PLEM),1
PS46671,,5841107 PLE601 CR Network Manager Software (Const),1
PS46671,,5865314 PLE601 TR Network Manager Software (Const),1
PS46671,,5932168 PLE702 Network Manager Software,1
PS46671,,5932649 PL641v2 Cellular Radio software (4G),1
PS46671,5586550,Hard Mount Antenna (Alternate) (4G),1
PS46671,5586551,Adhesive Mount Antenna (4G),1
PS46673,,5782447 PLE601 TR Network Manager Software (PLEM),1
PS46673,,5841107 PLE601 CR Network Manager Software (Const),1
PS46673,,5865314 PLE601 TR Network Manager Software (Const),1
PS46673,,5932168 PLE702 Network Manager Software,1
PS46673,,PL641v2 Cellular Radio software (4G),1
PS46673,5555510,PL641v2 Cellular radio (4G) (External Antenna),1
PS46673,5586550,Hard Mount Antenna (Alternate) (4G),1
PS46673,5586551,Adhesive Mount Antenna (4G),1
PS46684,1552260,3 position plug,1
PS46684,1552274,6 position plug,1
PS46684,5503269,PL243 cellular radio Hardware (4g),1
PS46684,5915058,PL243 Extension Harness (Optional) ,1
PS46684,8T8730,SOCKET-CONNECTOR,4
PS46684,8T8737,PLUG-SEAL,11
PS46706,4696013,BEARING-GRV BALL (After Failure Only),1
PS46706,5059431,WHEEL-SUN (After Failure Only),1
PS46706,5821157,HUB-GEAR,2
PS46710,5503269,PL243 Cellular Radio Hardware (4G),1
PS46710,,5754289 PLE602P Network Manager Software,1
PS46710,,5865815 PL243 4G Cellular Radio Software,1
PS46710,,5865821 PL602H LE602P Network Manager Software,1
PS46710,,5932168 PLE702 Network Manager Software,1
PS46712,5555510,PL641v2 Cellular radio (4G) (External Antenna),1
PS46712,5586550,Hard Mount Antenna (Alternate) (4G),1
PS46712,5586551,Adhesive Mount Antenna (4G),1
PS46712,,5782447 PLE601 TR Network Manager Software (PLEM),1
PS46712,,583641 PLE601 TR/CR Network Manager Software (OHT/LMT),1
PS46712,,5841107 PLE601 CR Network Manager Software (Const),1
PS46712,,5865314 PLE601 TR Network Manager Software (Const),1
PS46712,,5932168 PLE702 Network Manager Software,1
PS46712,,5932649 PL641v2 Cellular Radio software (4G),1
PS54337,6V6560,SEAL-O-RING,2
PS54337,6V8397,SEAL-O-RING-ORFS,4
PS54337,8C8988,ADAPTER-ELBOW,2
PS54337,8T7489,ADAPTER-STR,2
PS54337,4338916,HOSE AS,2
PS54337,5813166,BRACKET AS,1
PS54337,5813167,BRACKET AS,1
PS61424,1333234,SEAL-BULK (793CM),793
PS90886,1165897,SEAL-O-RING (ONLY AS REQUIRED),3
PS90886,2738666,SEAL-D-RING (ONLY AS REQUIRED),3
PS90886,2738667,SEAL-D-RING (ONLY AS REQUIRED),3
PS90886,2934503,SEAL-LIP TYPE (ONLY AS REQUIRED),3
PS90886,2P1692,SEAL-O RING (ONLY AS REQUIRED),2
PS90886,5564475,DOWEL-SPECIAL (ONLY AS REQUIRED),9
PS90886,5F9144,SEAL-O RING (ONLY AS REQUIRED),9
PS90886,6V3263,SEAL-O RING (ONLY AS REQUIRED),3
PS90886,8J8879,SEAL-O RING (ONLY AS REQUIRED),3
PS90887,1165897,SEAL-O-RING (ONLY AS REQUIRED),3
PS90887,2738666,SEAL-D-RING (ONLY AS REQUIRED),3
PS90887,2738667,SEAL-D-RING (ONLY AS REQUIRED),3
PS90887,2934503,SEAL-LIP TYPE (ONLY AS REQUIRED),3
PS90887,2P1692,SEAL-O RING (ONLY AS REQUIRED),2
PS90887,4644756,SHIM (ONLY AS REQUIRED),1
PS90887,5249010,RETAINER (ONLY AS REQUIRED),1
PS90887,5249011,RETAINER (ONLY AS REQUIRED),2
PS90887,5564475,DOWEL-SPECIAL (ONLY AS REQUIRED),9
PS90887,5F9144,SEAL-O RING (ONLY AS REQUIRED),9
PS90887,6V3263,SEAL-O RING (ONLY AS REQUIRED),3
PS90887,8J8879,SEAL-O RING (ONLY AS REQUIRED),3
PS90924,,No parts needed for this program,0
PS90925,3E5239,RELAY AS,2
PS91012,,No parts needed for this program,0
PS91014,,5456170 773E Configuration File,1
PS91014,,5624324 777E Configuration File,1
PS91014,,5836413 PLE 601 Software,1
PS91018,,No parts needed for this program,0
PS91077,1333234,SEAL-BULK (367 CM),367
PI33176,3J1907,SEAL-O-RING-STOR,10
PI33176,7K1181,STRAP-CABLE,28
PI33176,857356,ADAPTER-ELBOW,2
PI33176,2006345,MOUNT-SWIVEL,2
PI33176,2042281,STRAP-CABLE,4
PI33176,2147568,SEAL-O-RING-STOR,2
PI33176,2743781,SEAL-CAP,2
PI33176,3491178,SENSOR GP-PRESS,2
PI33176,5850362,HARNESS AS,1
PI33176,5850363,HARNESS AS,1
PI33176,5982772,SFWR GP-A5000,1
PS54340,2921357,SPRING,1
PS54341,2G9793,GASKET,2
PS54341,6G1670,CHAIN GP,2
PS54341,2669727,GASKET,4
PS54342,1861526,VALVE GP-SOL,1
PS54344,8C5064,CONDUIT BK-ELEC (270 CM),270
PS54344,5165114,HOSE AS,1
PS54344,REFRIGERANT,R-134a - 1.14 kg (2.5 lbs),1
,,,
,,,
,,,
,,,
,,,
,,,
,,,
,,,
,,,
,,,
,,,
,,,
,,,
,,,
,,,
,,,
,,,
,,,
,,,
,,,
,,,
,,,
,,,
,,,
,,,
,,,
,,,
,,,
,,,
,,,
,,,
,,,
,,,
,,,
,,,
,,,
,,,
,,,
,,,
,,,
,,,
,,,
,,,
,,,
,,,
,,,
,,,
,,,
,,,
,,,
,,,
,,,
,,,
,,,
,,,
,,,
,,,
,,,
,,,
,,,
,,,
,,,
,,,
,,,
,,,
,,,
,,,
,,,
,,,
,,,
,,,
,,,
,,,
,,,
,,,
,,,
,,,
,,,
,,,
,,,
,,,
,,,
,,,
,,,
,,,
,,,
,,,
,,,
,,,
,,,
,,,
,,,
,,,
,,,
,,,
,,,
,,,
,,,
,,,
,,,
,,,
,,,
,,,
,,,
,,,
,,,
,,,
,,,
,,,
,,,
,,,
,,,
,,,
,,,
,,,
